<?xml version="1.0" encoding="UTF-8"?>
<Simulation>
	<Class name="General">
		<Attribute name="seed" type="int">12345</Attribute>
		<Attribute name="model_HK" type="int">1</Attribute>
		<Attribute name="loss_and_damages_neutral" type="float">0.025</Attribute>
	</Class>
    <Class name="TwoLevelsGame">
        <Attribute name="Y_nego" type="int">5</Attribute>
        <Attribute name="Y_policy" type="int">5</Attribute>
		<Attribute name="IPCC_report_period" type="int">45</Attribute>
    </Class>
    <Class name="Region">
        <Attribute name="n_households" type="int">100</Attribute>
        <Attribute name="opdyn_max_iter" type="float">1</Attribute>
        <Attribute name="opdyn_agreement" type="float">.001</Attribute>
        <Attribute name="opdyn_threshold_close" type="float">0.5</Attribute>
		<Attribute name="opdyn_influence_close" type="float">0.001</Attribute>
		<Attribute name="opdyn_threshold_far" type="float">1</Attribute>
		<Attribute name="opdyn_influence_far" type="float">0.0001</Attribute>
		<Attribute name="alpha1" type="float">1.</Attribute>
		<Attribute name="alpha2" type="float">1.</Attribute>
		<Attribute name="beta1" type="float">1.</Attribute>
		<Attribute name="beta2" type="float">1.</Attribute>
		<Attribute name="gamma" type="float">1.</Attribute>
		<Attribute name="HK_epsilon_dmg" type="float">0.5</Attribute>
		<Attribute name="HK_epsilon_support" type="float">0.5</Attribute>
		<Attribute name="HK_influence_close" type="float">0.1</Attribute>

    </Class>
    <Class name="Negotiator">
        <Attribute name="policy_start_year" type="float">2015.</Attribute>
        <Attribute name="policy_end_year" type="float">2100.</Attribute>
		<Attribute name="ecr_start_year" type="float">0</Attribute>
		<Attribute name="ecr_first_term" type="float">0</Attribute>
		<Attribute name="ecr_end_year" type="float">1</Attribute>
		<Attribute name="max_cutting_rate_gradient" type="float">.04</Attribute>
    </Class>
	    <Class name="Household">
        <Attribute name="DISTRIB_RESOLUTION" type="float">.1</Attribute>
        <Attribute name="DISTRIB_MIN_VALUE" type="float">-2</Attribute>
        <Attribute name="DISTRIB_MAX_VALUE" type="float">8</Attribute>
		<Attribute name="BELIEF_YEAR_OFFSET" type="int">185</Attribute>
		<Attribute name="DEFAULT_INFORMATION_STD" type="float">.01</Attribute>
		<Attribute name="P_INFORMATION" type="float">.5</Attribute>
		<Attribute name="GAMMA" type="float">0.3</Attribute>
		<Attribute name="climate_init_mean_beliefs_floor" type="float">1</Attribute>
		<Attribute name="climate_init_mean_beliefs_var" type="float">2</Attribute>
		<Attribute name="climate_init_var_beliefs_current" type="float">.5</Attribute>
		<Attribute name="climate_init_var_beliefs_offset1" type="float">0.01</Attribute>
		<Attribute name="ecr_end_year" type="float">1</Attribute>
		<Attribute name="sentiment_temperature_increase" type="List[float]">0.8,0.4,0.2,0,-0.2</Attribute>
		<Attribute name="sentiment_willingness_to_pay" type="List[float]">0.5,-0.5,0,0</Attribute>
		<Attribute name="weight_info_dmg_local" type="float">0.5</Attribute>
		<Attribute name="factor_conflict_coefficient" type="float">0.25</Attribute>
    </Class>
    <!-- Add more Class elements as needed -->
</Simulation>