{"rcam": ["Costa Rica", "Dominican Republic", "Guatemala", "Honduras", "Haiti", "Jamaica",  "Nicaragua", "Panama", "El Salvador", "Trinidad and Tobago", "Puerto Rico","Caribbean" ], "noan": ["Morocco", "Tunisia"], "aut": ["Austria"], "bel": ["Belgium"], "rfa": ["Germany"], "dnk": ["Denmark"], "esp": ["Spain"], "fin": ["Finland"], "fra": ["France"], "gbr": ["United Kingdom"], "grc": ["Greece"], "irl": ["Ireland"], "ita": ["Italy"], "nld": ["Netherlands"], "prt": ["Portugal"], "swe": ["Sweden"], "bgr": ["Bulgaria"], "rcz": ["Czechia"], "hun": ["Hungary"], "pol": ["Poland"], "rom": ["Romania"], "rsl": ["Romania"], "slo": ["Croatia"], "cro": ["Croatia"], "nor": ["Norway"], "sui": ["Switzerland"], "tur": ["Turkey"], "blt": ["Lithuania"], "oeu": ["Cyprus","Bosnia and Herzegovina","Albania","North MAcedonia","Serbia","Kosovo","Slovakia"], "noap": ["Libya","Algeria"], "egy": ["Egypt"], "zaf": ["South Africa"], "rsaf": ["Angola","Benin","Botswana","Burkina Faso","Cameroon","Congo (Democratic Republic of the)","Cote d'Ivoire", "Ghana","Kenya","Malawi","Mozambique","Nigeria","Senegal","Tanzania","Zambia","Sub-Saharan Africa"], "meme": ["Israel","Jordan","Lebanon"], "golf57": ["United Arab Emirates","Iraq","Kuwait","Oman","Qatar","Saudi Arabia","Yemen"], "aus": ["Australia"], "rjan57": ["Asian & Pacific Islands","New Zealand"], "chn": ["Japan","Vietnam","South Korea","Taiwan"], "nde": ["India"], "mys": ["Malaysia"], "tha": ["Thailand"], "vnm": ["Vietnam"], "jpn": ["Japan"], "cor": ["South Korea"], "idn": ["Indonesia"], "osea": ["Cambodia", "Lao People's Democratic Republic","Philippines","Singapore","Hong Kong"], "rsas": ["Bangladesh","Sri Lanka","Nepal","Pakistan"], "arg": ["Argentina"], "bra": ["Brazil"], "chl": ["Chile"], "rsam": ["Bolivia (Plurinational State of)","Colombia","Ecuador","Peru","Paraguay","Uruguay"], "mex": ["Mexico"], "can": ["Canada"], "usa": ["United States"], "rus": ["Armenia","Azerbaijan","Uzbekistan"], "ukr": ["Armenia","Azerbaijan","Uzbekistan"], "ris": ["Armenia","Azerbaijan","Uzbekistan"], "_comment":"slowak republik (rsl) has no equivalent in MetaSurvey, replace with data from Romania; slovenia (slo) replace with croatia; baltic countries (blc) are only represented by Lithuania; china (chn) replaced with Vietnam+Japan+South Corea+Taiwan; rus and ukr are replaced with Armenia,Azerbaijan,Uzbekistan" }



