{"rcam": ["Curacao", "St. Martin (French part)", "Aruba", "Bahamas, The", "Belize", "Barbados","Costa Rica", "Cuba", "Dominican Republic", "Grenada", "Guatemala", "Honduras", "Haiti", "Jamaica", "St. Lucia", "Nicaragua", "Panama", "El Salvador", "Trinidad and Tobago", "St. Vincent and the Grenadines", "Bermuda", "Turks and Caicos Islands", "Virgin Islands (U.S.)","Antigua and Barbuda", "St. Kitts and Nevis", "Puerto Rico" ], "noan": ["Morocco", "Tunisia"], "aut": ["Austria"], "bel": ["Belgium"], "rfa": ["Germany"], "dnk": ["Denmark"], "esp": ["Spain"], "fin": ["Finland"], "fra": ["France"], "gbr": ["United Kingdom"], "grc": ["Greece"], "irl": ["Ireland"], "ita": ["Italy"], "nld": ["Netherlands"], "prt": ["Portugal"], "swe": ["Sweden"], "bgr": ["Bulgaria"], "rcz": ["Czechia"], "hun": ["Hungary"], "pol": ["Poland"], "rom": ["Romania"], "rsl": ["Slovak Republic"], "slo": ["Slovenia"], "cro": ["Croatia"], "nor": ["Norway"], "sui": ["Switzerland"], "tur": ["Turkiye"], "blt": ["Estonia","Lithuania","Latvia"], "oeu": ["Cyprus","Luxembourg","Malta","Liechtenstein","Greenland","Iceland","Faroe Islands","Andorra","Isle of Man","Monaco","San Marino","Bosnia and Herzegovina","Albania","North Macedonia","Montenegro","Serbia","Kosovo"], "noap": ["Libya","Algeria"], "egy": ["Egypt, Arab Rep."], "zaf": ["South Africa"], "rsaf": ["Angola","Benin","Botswana","Burkina Faso","Burundi","Cameroon","Cabo Verde","Central African Republic","Chad","Comoros","Congo, Dem. Rep.","Congo, Rep.","Cote d'Ivoire","Equatorial Guinea", "Eritrea", "Ethiopia","Gabon","Ghana","Guinea","Guinea-Bissau","Kenya","Lesotho","Liberia","Madagascar","Malawi","Mali","Mauritania","Mauritius","Mozambique","Namibia","Niger","Nigeria","Rwanda","Sao Tome and Principe","Senegal","Seychelles","Sierra Leone","Somalia","South Sudan","Sudan","Eswatini","Tanzania","Togo","Uganda","Zambia","Zimbabwe","Djibouti"], "meme": ["Israel","Jordan","Syrian Arab Republic","Lebanon","West Bank and Gaza"], "golf57": ["United Arab Emirates","Bahrain","Iran, Islamic Rep.","Iraq","Kuwait","Oman","Qatar","Saudi Arabia","Yemen, Rep."], "aus": ["Australia"], "rjan57": ["Tuvalu","Fiji","Papua New Guinea","Micronesia, Fed. Sts.","Guam","American Samoa","Timor-Leste","French Polynesia","Kiribati","Northern Mariana Islands","Marshall Islands","New Caledonia","Palau","Samoa","Solomon Islands","Tonga","Vanuatu","New Zealand"], "chn": ["China"], "nde": ["India"], "mys": ["Malaysia"], "tha": ["Thailand"], "vnm": ["Viet Nam"], "jpn": ["Japan"], "cor": ["Korea, Rep."], "idn": ["Indonesia"], "osea": ["Brunei Darussalam", "Cambodia", "Lao PDR","Myanmar","Philippines","Singapore","Korea, Dem. People's Rep.","Hong Kong SAR, China","Macao SAR, China","Mongolia"], "rsas": ["Afghanistan","Bangladesh","Bhutan","Sri Lanka","Maldives","Nepal","Pakistan"], "arg": ["Argentina"], "bra": ["Brazil"], "chl": ["Chile"], "rsam": ["Bolivia","Colombia","Ecuador","Guyana","Peru","Paraguay","Suriname","Uruguay","Venezuela, RB"], "mex": ["Mexico"], "can": ["Canada"], "usa": ["United States"], "rus": ["Russian Federation"], "ukr": ["Ukraine"], "ris": ["Armenia","Azerbaijan","Belarus","Georgia","Kazakhstan","Kyrgyz Republic","Moldova","Tajikistan","Turkmenistan","Uzbekistan"], "_comment":"GUF (French Guyana) is not available in Word Bank, hence it lacks in RSAM, same goes for FLK (Falkland Islands); same goes for CCK (Cocos Keeling Islands) in osea, and also for TWN (Taiwan); for the rjan57 (pacific islands) world bank also lacks CXR,COK,HMD,NFK,NIU,NRU,PCN,TKL,UMI,WLF; for meme (middle east) the PSE (Palestinian Territory) is replaced by 'West Bank and Gaza'; in rsaf (sudsaharan counties) it lack MYT (Mayotte), REU (Reunion), SHN (Saint Helena), IOT (British Indian ocean territory), BVT (Bouvet island), AFT (Austral French Territories); in oeu we lack ALA, GGY, GIB, JEY, SJM, VAT, SPM; in noan it lacks Western Sahara replaced by Morroco alone; rcam lacks BES and ATA (antartica), SGS, VGB, AIA, BLM, CYM, St. Martin (not french part), MSR, MTQ" }

