{"rcam": ["BES", "CUW", "SXM", "ABW", "BHS", "BLZ", "BRB", "CRI", "CUB", "DMA", "DOM", "GRD", "GTM", "HND", "HTI", "JAM", "LCA", "NIC", "PAN", "SLV", "TTO", "VCT", "ATA", "BMU", "SGS", "TCA", "VGB", "VIR", "AIA", "ATG", "BLM", "CYM", "GLP", "KNA", "MAF", "MSR", "MTQ", "PRI"], "noan": ["ESH", "TUN", "MAR"], "aut": ["AUT"], "bel": ["BEL"], "rfa": ["DEU"], "dnk": ["DNK"], "esp": ["ESP"], "fin": ["FIN"], "fra": ["FRA"], "gbr": ["GBR"], "grc": ["GRC"], "irl": ["IRL"], "ita": ["ITA"], "nld": ["NLD"], "prt": ["PRT"], "swe": ["SWE"], "bgr": ["BGR"], "rcz": ["CZE"], "hun": ["HUN"], "pol": ["POL"], "rom": ["ROU"], "rsl": ["SVK"], "slo": ["SVN"], "cro": ["HRV"], "nor": ["NOR"], "sui": ["CHE"], "tur": ["TUR"], "blt": ["EST", "LTU", "LVA"], "oeu": ["CYP", "LUX", "MLT", "LIE", "GRL", "ISL", "FRO", "ALA", "AND", "GGY", "GIB", "IMN", "JEY", "MCO", "SJM", "SMR", "VAT", "SPM", "BIH", "ALB", "MKD", "MNE", "SRB", "KSV"], "noap": ["LBY", "DZA"], "egy": ["EGY"], "zaf": ["ZAF"], "rsaf": ["AGO", "BEN", "BWA", "BFA", "BDI", "CMR", "CPV", "CAF", "TCD", "COM", "COG", "COD", "CIV", "GNQ", "ERI", "ETH", "GAB", "GMB", "GHA", "GIN", "GNB", "KEN", "LSO", "LBR", "MDG", "MWI", "MLI", "MRT", "MUS", "MYT", "MOZ", "NAM", "NER", "NGA", "REU", "RWA", "STP", "SEN", "SYC", "SHN", "SLE", "SOM", "SSD", "SDN", "SWZ", "TZA", "TGO", "UGA", "ZMB", "ZWE", "DJI", "IOT", "BVT", "ATF"], "meme": ["ISR", "JOR", "SYR", "LBN", "PSE"], "golf57": ["ARE", "BHR", "IRN", "IRQ", "KWT", "OMN", "QAT", "SAU", "YEM"], "aus": ["AUS"], "rjan57": ["CXR", "COK", "HMD", "NFK", "NIU", "NRU", "PCN", "TKL", "TUV", "UMI", "WLF", "FJI", "PNG", "FSM", "GUM", "ASM", "TLS", "PYF", "KIR", "MNP", "MHL", "NCL", "PLW", "WSM", "SLB", "TON", "VUT", "NZL"], "chn": ["CHN"], "nde": ["IND"], "mys": ["MYS"], "tha": ["THA"], "vnm": ["VNM"], "jpn": ["JPN"], "cor": ["KOR"], "idn": ["IDN"], "osea": ["BRN", "CCK", "KHM", "LAO", "MMR", "PHL", "SGP", "PRK", "HKG", "MAC", "TWN", "MNG"], "rsas": ["AFG", "BGD", "BTN", "LKA", "MDV", "NPL", "PAK"], "arg": ["ARG"], "bra": ["BRA"], "chl": ["CHL"], "rsam": ["BOL", "COL", "ECU", "FLK", "GUF", "GUY", "PER", "PRY", "SUR", "URY", "VEN"], "mex": ["MEX"], "can": ["CAN"], "usa": ["USA"], "rus": ["RUS"], "ukr": ["UKR"], "ris": ["ARM", "AZE", "BLR", "GEO", "KAZ", "KGZ", "MDA", "TJK", "TKM", "UZB"]}