{"rcam": ["Rest Central America"], "noan": ["Western Sahara, Tunisia & Morocco"], "aut": ["Austria"], "bel": ["Belgium"], "rfa": ["Germany"], "dnk": ["Denmark"], "esp": ["Spain"], "fin": ["Finland"], "fra": ["France"], "gbr": ["United Kingdom"], "grc": ["Greece"], "irl": ["Ireland"], "ita": ["Italy"], "nld": ["Netherlands"], "prt": ["Portugal"], "swe": ["Sweden"], "bgr": ["Bulgaria"], "rcz": ["Czechia"], "hun": ["Hungary"], "pol": ["Poland"], "rom": ["Romania"], "rsl": ["Slovakia"], "slo": ["Slovenia"], "cro": ["Croatia"], "nor": ["Norway"], "sui": ["Switzerland"], "tur": ["Turkey"], "blt": ["Baltic States"], "oeu": ["Other European Countries"], "noap": ["Libya & Algeria"], "egy": ["Egypt"], "zaf": ["South Africa"], "rsaf": ["Sub-Saharan Africa"], "meme": ["Middle East"], "golf57": ["Gulf Countries"], "aus": ["Australia"], "rjan57": ["Pacific Islands"], "chn": ["China"], "nde": ["India"], "mys": ["Malaysia"], "tha": ["Thailand"], "vnm": ["Viet Nam"], "jpn": ["Japan"], "cor": ["Korea (the Republic of)"], "idn": ["Indonesia"], "osea": ["Rest Southeast Asia"], "rsas": ["Rest South Asia"], "arg": ["Argentina"], "bra": ["Brazil"], "chl": ["Chile"], "rsam": ["Rest South America"], "mex": ["Mexico"], "can": ["Canada"], "usa": ["United States of America"], "rus": ["Russian Federation"], "ukr": ["Ukraine"], "ris": ["Former Soviet Union"]}