{
    "Other Asia": [
        "AFG",
        "BGD",
        "BTN",
        "BRN",
        "MMR",
        "KHM",
        "COK",
        "FJI",
        "PYF",
        "IDN",
        "KIR",
        "LAO",
        "MAC",
        "MYS",
        "MDV",
        "MNG",
        "NRU",
        "NPL",
        "NCL",
        "NIU",
        "PRK",
        "PAK",
        "PNG",
        "PHL",
        "WSM",
        "SLB",
        "LKA",
        "THA",
        "TLS",
        "TON",
        "VUT",
        "VNM"
    ],
    "Other High Income": [
        "CAN",
        "AUS",
        "NZL",
        "KOR",
        "SGP",
        "TWN",
        "HKG",
        "GRL",
        "AND"
    ],
    "Africa": [
        "AGO",
        "BEN",
        "BWA",
        "BFA",
        "BDI",
        "CMR",
        "CPV",
        "CAF",
        "TCD",
        "COM",
        "COG",
        "COD",
        "CIV",
        "DJI",
        "GNQ",
        "ERI",
        "SWZ",
        "ETH",
        "GAB",
        "GMB",
        "GHA",
        "GIN",
        "GNB",
        "KEN",
        "LSO",
        "LBR",
        "MDG",
        "MWI",
        "MLI",
        "MRT",
        "MUS",
        "MOZ",
        "NAM",
        "NER",
        "NGA",
        "REU",
        "RWA",
        "STP",
        "SEN",
        "SYC",
        "SLE",
        "SOM",
        "ZAF",
        "SSD",
        "SHN",
        "SDN",
        "TZA",
        "TGO",
        "UGA",
        "ZMB",
        "ZWE"
    ],
    "Latin America": [
        "AIA",
        "ATG",
        "ARG",
        "ABW",
        "BHS",
        "BRB",
        "BLZ",
        "BOL",
        "BRA",
        "VGB",
        "CYM",
        "CHL",
        "COL",
        "CRI",
        "CUB",
        "CUW",
        "DMA",
        "DOM",
        "ECU",
        "SLV",
        "FLK",
        "GUF",
        "GRD",
        "GLP",
        "GTM",
        "GUY",
        "HTI",
        "HND",
        "JAM",
        "MTQ",
        "MEX",
        "MSR",
        "NIC",
        "PAN",
        "PRY",
        "PER",
        "KNA",
        "LCA",
        "SPM",
        "VCT",
        "SUR",
        "TTO",
        "TCA",
        "URY",
        "PRI",
        "VEN"
    ],
    "Middle East": [
        "ISR",
        "BHR",
        "IRN",
        "IRQ",
        "JOR",
        "KWT",
        "LBN",
        "OMN",
        "PSE",
        "QAT",
        "SAU",
        "SYR",
        "ARE",
        "YEM",
        "EGY",
        "DZA",
        "TUN",
        "LBY",
        "MAR"
    ],
    "Eurasia": [
        "ALB",
        "ARM",
        "AZE",
        "BLR",
        "BIH",
        "BGR",
        "HRV",
        "CYP",
        "FRO",
        "GEO",
        "GIB",
        "KAZ",
        "KSV",
        "KGZ",
        "MKD",
        "MLT",
        "MDA",
        "MNE",
        "ROU",
        "SRB",
        "TJK",
        "TKM",
        "UKR",
        "UZB"
    ],
    "India": [
        "IND"
    ],
    "China": [
        "CHN"
    ],
    "Russia": [
        "RUS"
    ],
    "Japan": [
        "JPN"
    ],
    "United States": [
        "USA"
    ],
    "Europe": [
        "AUT",
        "BEL",
        "TUR",
        "CZE",
        "DNK",
        "EST",
        "FIN",
        "FRA",
        "DEU",
        "GRC",
        "HUN",
        "ISL",
        "IRL",
        "ITA",
        "LVA",
        "LTU",
        "LUX",
        "NLD",
        "NOR",
        "POL",
        "PRT",
        "SVK",
        "SVN",
        "ESP",
        "SWE",
        "CHE",
        "GBR"
    ]
}